{"cameraMode":{"drawMode":0,"name":"Shaded","section":"Shading Mode"},"sceneLighting":true,"audioPlay":false,"sceneViewState":{"m_AlwaysRefresh":false,"showFog":true,"showSkybox":true,"showFlares":true,"showImageEffects":true,"showParticleSystems":true,"showVisualEffectGraphs":true,"m_FxEnabled":true},"in2DMode":false,"pivot":{"x":0.9444829821586609,"y":4.2501115798950199,"z":1.931896448135376},"rotation":{"x":-0.10000231862068176,"y":0.7200393080711365,"z":-0.10621194541454315,"w":-0.6785010695457459},"size":6.7486467361450199,"orthographic":true}